id	text	HS	TR	AG
21949	Perra, pero tranquila, me gusta.	1	1	1
21186	Hola soy leo y tu AHHH s√≠, eres Pendejo porque MARCHES REGRESE CUANDO TE EST√ÅS ENTENDIENDO hijo de tu puta madre	0	0	0
23376	Hay espacio para todos en todas partes. Conductores de taxis, ingenieros, periodistas ... y refugiados. Pero en cumplimiento de la Ley, que por el momento no se cumple. Y lo que es peor, los cr√≠menes se inventar√°n para hacer un abrigo un abrigo. #Overallsone! https://t.co/yGW51b0YgZ	0	0	0
24419	Muy imb√©cil es insultar a otro para compartir su sexualidad, adem√°s, la perra es un insulto que ha sido distorsionado con el tiempo, originalmente referido a aquellos que son inteligentes. En definitiva, ni insultar los vales. Un besito .	0	0	0
20479	Vamos a llegar a ser como Venezuela, dijeron, ahora incluso en el sem√°foro hablan chamo ... Quiero ver al Sr. Duque y los ministerios y la canciller√≠a que van a hacer tanto a los chamozolanes inmigrantes.	1	0	0
22916	M√°s de 17 denuncias de acoso sexual, incluida la violaci√≥n de su propia esposa y una relaci√≥n promiscua con su hija Ivanka. La Universidad y la Fundaci√≥n Trump en Nueva York est√°n cerradas por fraude y lavado de dinero. Siete quiebras, este delincuente lo tiene todo.	0	0	0
22103	C√°llate viejo Culiao. Hijo de puta. Las mil perras que te dieron a luz ... c√≥mplice de asesinatos y torturas a compatriotas. Morir a la vez ... maldita sea.	0	0	0
22321	¬°Ni t√∫ eres perra ni yo soy un gato!	0	0	0
20257	Me gust√≥ un video https://t.co/s4HGvbL6SV Francisco T√°rrega - Capricho √°rabe	0	0	0
21368	Espero que lleves vestidos y tacones para que puedas ser feliz como mereces perra	1	1	1
21654	Tienes que ser un verdadero imb√©cil para hacer 'bromas' con un asunto tan serio como el acoso callejero, y por encima de todo, pensar√°s en algo gracioso.	0	0	0
20291	El juez reafirma la orden de que Trump reactive el programa DACA para j√≥venes indocumentados. # AgendaP√∫blica https://t.co/YIvr3P9jMq https://t.co/xKCrNdyxgh	0	0	0
20068	- Final Champions League - Libertadores y Sudaca - Gira, gira y gira - Wimbledon - Super Bowl https://t.co/lUR7OjtsiV	0	0	0
20349	Usted es el malagua barato celulitis https://t.co/tjDXyEKLzu	1	1	1
24219	Mi novia es la mujer m√°s bella que he visto en mi vida perra.	0	0	0
22995	El nivel 4 reforzado es igual a recoger 400 inmigrantes cada d√≠a. https://t.co/RVYHv6mL06	1	0	0
23293	Redomicilie su empresa offshore en Emiratos √Årabes Unidos. https://t.co/gJYLHarqZA	0	0	0
20683	Los artistas franceses critican el "puritanismo" de la campa√±a contra el acoso. 'La violaci√≥n es un delito. Pero el coqueteo insistente o torpe no es un crimen, ni la caballer√≠a es una agresi√≥n machista "https://t.co/HIetXJEJiU a trav√©s de	0	0	0
24650	Opini√≥n: ¬øEs la inmigraci√≥n masiva un problema? 15 consejos para resolverlo y evitarlo https://t.co/mr73IwBT0o https://t.co/iVpy1rAMyp	0	0	0
22225	¬øLlegan a Per√∫ 900 venezolanos cada d√≠a, cu√°ntos m√°s tendr√°n que venir para poder detener y detener esta invasi√≥n? Lo que ya no es una inmigraci√≥n, las autoridades peruanas ni siquiera se quejan por este problema, solo reaccionar√° cuando se desborde.	1	0	0
24366	C√°llate y hazme la cena.	1	1	1
21847	Baje la velocidad en m√≠, mir√°ndome caliente, bes√°ndome sin querer moverme, su co√±o aprieta mi polla que entra y ... https://t.co/VWtKyQAEyj	0	0	0
21552	Sab√≠as ? El baterista de Randy Ebright escribi√≥ "Frijolero". En un viaje a Houston, Texas, su hija sufri√≥ discriminaci√≥n en el aeropuerto, lo que llev√≥ a Randy a componer a Frijolero. https://t.co/SrFsWbsTO2 https://t.co/l9DEt7OoEm	0	0	0
21863	Weon, la perra que tengo, comenz√≥ a ladrar y ahora est√° callada, me temo AAA, voy a quemar la casa	0	0	0
20120	Los procesos administrativos deben ser r√°pidos para los inmigrantes inmigrantes, ya que el futuro de estos menores est√° en juego. Ma√±ana, si quieren trabajar, continuar√°n sin esos papeles, los hombres terminar√°n en trabajos irregulares y las mujeres en la prostituci√≥n.	0	0	0
22289	C√°llate la vieja y loca boca, lame mi perra axila.	1	1	1
22854	Ayy, gracias de verdad, te mereces todas las cosas buenas del mundo:> v / ahre lo eres + y me enamoro de la puta madre, no tengo WhatsApp; -; que no lo esperabas; Y	0	0	0
20002	El gobierno debe crear un estricto control de inmigraci√≥n en las zonas fronterizas con Colombia porque despu√©s de 20-8 querr√°n venir en masa	1	0	0
24762	Para vivir con prietos, me gusta imaginar que son jeques o algo as√≠, alg√∫n millonario √°rabe. Por eso no siento que me haya traicionado. El amor al dinero siempre supera un poco mi racismo.	1	0	1
23238	C√°llate porque tengo pruebas para destruirte perra sucia y traicionera.	1	1	1
22006	Hecho: Colombia es un tipo de pa√≠s que pertenece a SUDACA (sudores sudamericanos) donde hablan muy lentamente con un acento horrible e incomprensible, piensan incluso m√°s despacio y siembran coca√≠na en las maletas de turistas extranjeros en sus aeropuertos.	1	0	0
23362	El fin de semana que va chano a sudaca dejar√© el coche guardadito, mejor prevenir que curar.	0	0	0
20661	Golpear con cinturones entre 8 y ara decir k.sonlos.agredidos.pero caga k ahy y un video sin papeles, det√©ngalos y mu√©streles la puta mierda tanto en negro. En los papeles de Paissin no es normal.	1	0	1
24623	La muerte, puede venir en cualquier momento y en cualquier lugar, aqu√≠ en el norte. Aqu√≠ solo eres carne. Y en los Estados Unidos, junto con los condenados israelitas, con mayor raz√≥n, esos cules son como los escorpiones g√ºeros, se traicionan entre s√≠ a gran escala, como en 11/09	1	0	0
24251	¬øEs un insulto llamar a alguien un hijo alba√±il? Usted es escoria	0	0	0
22162	Veamos, te lo digo, no se trata de acoso, se trata de violaciones y asesinatos.	0	0	0
24416	Por suerte no le gustan los tatuajes, es mejor que no hagas nada en la cara porque te golpeo https://t.co/lNUgeyqlRp	0	0	0
24546	T√∫ eres el dolor y vas a curarte, no te preocupes.	1	1	1
23829	Salvamento Mar√≠timo ha rescatado a 240 inmigrantes de origen norteafricano y del norte de √Åfrica, entre ellos un beb√©, mientras intentaban llegar a la costa espa√±ola a bordo de doce barcos. https://t.co/Qomioguptv	0	0	0
23544	Estos son los pobres refugiados de Carmena, Ada Colau y Pedro S√°nchez. Veamos lo que dicen, cuando comienzan a matar y violar, como ya han hecho con las mujeres aqu√≠. https://t.co/x3Kz7Il7ro	1	0	0
24717	Gateway to Alternative Markets, con la participaci√≥n de Cecilia Porras Eraso, presidenta ejecutiva de la C√°mara de Comercio √Årabe de Colombia, con una destacada experiencia en mercados internacionales. https://t.co/9QTpMtZY8l	0	0	0
20032	Eres demasiado perra	1	1	1
21531	Eres una perra	1	1	1
24791	Jajajajjajaja calla a la puta madre	0	0	0
20646	Alias ‚Äã‚Äãel pa√≠s, que te mereces es una prisi√≥n bajo la tierra. Hijo de puta, chanda.	0	0	0
21800	No puedo creer que esto sea verdad. No entiendo qu√© diablos est√° pasando en el mundo.	0	0	0
23514	Cerda, envidiosa, de que pases muy mal tu puta vida, no mereces ni el agua que bebes https://t.co/yS3Og0w3tx	1	1	1
21760	Ayer MILITARES se manifestaron p√∫blicamente porque no han golpeado a los indocumentados. El √±emeo de la revoluci√≥n de Castro, los "castr√≥". Una imagen de la estampida de las capas vale m√°s que un mill√≥n de palabras. Los soldados corruptos perdieron incluso su coraje personal. https://t.co/0M51lcwNtR	0	0	0
22519	C√°llate la perra de boca ya no jugueteo	0	0	0
22431	Miguel Amante - Los rescates de inmigrantes indocumentados aumentan https://t.co/7gFAIAGKPL a trav√©s de	0	0	0
21264	Co√±o eh tu maldita perra pudrete mamagueba eres culpable	1	1	1
22169	Me da la vuelta, tienes que ense√±arme a hacer el pelo, me cago en la puta JAJAJA.	0	0	0
23145	No me mires con esos ojos que como toda tu boca. - Cometelo. https://t.co/7L2yeCsIMN	0	0	0
20969	El remix mega √°rabe es roto por todos los amigos que est√°n fuera	0	0	0
20126	Oh, c√°llate, perra.	1	1	1
21862	No lo ser√° porque no lo he estado diciendo, y no solo yo, Dios me ayude, pero ah√≠ est√°n viendo lo que se avecina. Es todo ... https://t.co/nItWBSfLUF	0	0	0
20874	Callate Pajera chupa la polla si amas a esa perra maltratada	1	1	1
22962	Voy a provocar a la perra del hijo del jefe para ver si me muerde con una pierna o lo que sea, y as√≠ es como me incapacitan, y no vengo a trabajar en estos d√≠as no tan bonitos.	0	0	0
20260	- Confunde reina con perra, pf. C√°llate antes de que empiece la peluca.	0	0	0
21651	Crezco beb√© milo la verdad que ves en la cara que te golpe√©	0	0	0
24206	Se estima que 800 personas venezolanas llegan a la ciudad de #BoaVista. Descubra las historias de estos inmigrantes con https://t.co/MAKg52gPoB https://t.co/LJrC7BlTdb	0	0	0
22699	Los aumentos de impuestos necesarios y temporales del Gabinete Rajoy pondr√°n fin a las manipulaciones de los inmigrantes # generando confianza	0	0	0
22485	[30/30 2:49] Alancito: Jaja jodida jaja [12/30 2:49] Alancito: C√°llate Ok	0	0	0
24612	Reflexi√≥n el lunes: los inmigrantes que son rescatados en el mar son llevados a nuestras costas. ¬øPor qu√© no se devuelven a los suyos? . De d√≥nde vienen y de d√≥nde pertenecen, de d√≥nde son ciudadanos.	1	0	1
24914	Mucho rollo con los #JuanaRivasSomosTodos, pero en Ceuta y Melilla no documentados, no muestran sus pasaportes, atacan a la polic√≠a fronteriza con palos, incendios y cal y nadie sale. Todos en la piscina de Galapagar gastando un #FelizSabado	1	0	1
23111	No voy a llorar y decir que no merezco esto porque probablemente lo merezco por ZORRA	0	0	0
20194	S√© que soy la persona adecuada para estos momentos, no te lo mereces, pero eres mi hermano, hijo de puta, no hablo.	0	0	0
24307	eres lo que ya sab√≠amos una basura real, una escoria; El m√°s marrano que enjambre a trav√©s de las redes. Im .. Imb√© ... Imb√©cil	0	0	0
24142	Si en este d√≠a la persona est√° confundida y t√∫ est√°s ense√±ando a esa perra de San Andr√©s y detonando.	0	0	0
24026	Tu follando Eres diferente . Ô∏è Feliz Navidad, A√±o Nuevo y Reyes wey! No te dejes ver m√°s.	1	1	0
22535	#Arabes #Shemagh #Kufiya #Hatta pa√±uelos de 1,10 x 1,10 metros en algod√≥n de excelente calidad. Color #Arena #Sand https://t.co/wybywf9LVF	0	0	0
21742	Esta mujer es una perra que ama ... las cosas como son https://t.co/RWvUjPdynp	0	0	0
24661	Mis fondos en tg y WhatsApp son la polla, a pesar de que tg nunca se mostrar√≠a en Twitter porque hay un gran spoiler de black Clover xddd	0	0	0
23562	C√°llate perra, d√©jame estar! Pero claro, si me tomo el coraz√≥n, ya s√© lo que sinti√≥ Davy Jones.	1	1	1
24620	Cuando voy a un traslado, me pongo el atuendo arrugado y el pijama roto y roto en un lado ...	0	0	0
24443	Un √°rabe ofende a una mujer y escupe frente a ella, ¬°PERO el eco del lado inesperado viene! https://t.co/d4MTlgsBnS	1	1	1
21585	Las roturas √°rabes de papichamp y ecko.	0	0	0
23143	USTED EST√Å FOOLISH e interpreta solo lo que sale de su polla.	0	0	0
23710	- ¬øY por qu√© saltaste la valla en Melilla? - Bueno, escuchamos que fue una cola de indeseables y pall√° que hemos ido ... https://t.co/k1vTgFeBxH	1	0	1
22627	Pregunta: ¬øCu√°nto afecta el desempleo a m√°s sectores b√°sicos de la econom√≠a debido a la presencia de inmigrantes? Si no puedo hacer esa pregunta, estamos jodidos.	1	0	0
20939	LLAMA A LA PUTA! ! !	1	1	1
23163	Arab me ceb√≥ tanto que quise masticar ladrillos	0	0	0
22763	Nos mereces que te agarre en las piernas del zorro, los gagajos y los combos en el viejo hocico culiao, con suerte no te cruces en mi camino.	0	0	0
24583	Q en los vuelos de VENEZUELA puso un boleto de $ 10 en el ba√±o del avi√≥n. Q abrir una taquilla de inmigraci√≥n cuando todos ya est√°n capacitados. Q puso bol√≠grafos sueltos para llenar la plantilla de migraci√≥n. ¬°All√≠ podr√≠an justamente filtrar a los abusadores y deportarlos PATRAS!	1	0	0
23031	Puta que fuiste de gilipollas para salir a decir una sola palabra, eres tan o m√°s responsable de esta calamidad con tu pensamiento arcaico e irracional.	0	0	0
22074	Si mi abuelo estuviera vivo, su mejor comentario para m√≠ ser√≠a "Pinche G√ºera".	1	1	1
23748	C√ÅLATE SU BOCA BOCA Y FELIZ AMIGO DE NAVIDAD <3 <3 <3 <3 <3 <3	0	0	0
20010	me haces eso te pego en la cara https://t.co/2drqUu5Rwc	0	0	0
22108	Emily aprovecha que no eres muy jodido: v jajajajjaja https://t.co/7S63NwxqBq	1	1	1
21690	S√°nchez: - "Hemos aprobado una Ley contra la violencia de g√©nero" - "Las previsiones apuntan a un crecimiento del 2,7%" - anuncia la creaci√≥n de un comando √∫nico para la inmigraci√≥n. - "La inversi√≥n ha crecido un 5%" - "Mejoraremos las pensiones de jubilaci√≥n y viudedad"	0	0	0
22636	Usted bien sabe que la inmigraci√≥n a Europa de personas de origen √°rabe es un movimiento impulsado por Soros y los sionistas para crear un caos all√≠ en Europa. Venganza ancestral de los jud√≠os contra los vatianos romanos (a√±o 70 arrase de HieroSalem). Raze ahora el vaticano. https://t.co/WXj499wA9D	1	0	1
24688	Shhh mori quiet crota, ve a enviar fotos a mi ex para que sirvas solo PUTA	1	1	1
22181	Trato policial en Algeciras 400 archivos por d√≠a de inmigrantes indocumentados - Radio La Primer√≠sima (Comunicado de prensa) (blog) https://t.co/ubaetWIyNl	0	0	0
20360	La escoria de la ciudad es que los postes ya no son ambulantes y los imb√©ciles ya est√°n arreglados.	0	0	0
23442	¬øCon qu√© est√° cayendo, UCO, inmigraci√≥n, Gurtel Valenciano, uso de Falcon, Dedazo decSanhes, concesiones a nacionalistas, etc. y el m√°s sangrante es el maestro de Casado? peque√±a mierda de prensa independiente	0	0	0
24722	| Twitter de mi coraz√≥n, conoc√≠ a una ni√±a inmigrante de El Salvador que est√° aqu√≠ hace 4 meses en busca de una vida mejor, con sus padres. Esta buscando trabajo Usted tiene m√°s estudios que todos nosotros juntos y documentaci√≥n en orden. ¬øMe ayudas a mejorar tu vida? Gracias	0	0	0
20298	C√≥mo ara√±azos de perro. Ve a chupar a Artur More oa tu madre puta y c√°llate.	0	0	0
21490	INMIGRANTES Pista con coro "" - LETRA - https://t.co/Hge7nUQ1Nc ZiR: https://t.co/K7qdDFhwz8 a trav√©s de "	0	0	0
23012	romana eres la puta de vince: v #RAW	0	0	0
23348	Somos yo y mi g√ºero https://t.co/pXM1lN9xiK	0	0	0
21739	¬øDices que no eres otaku pero viste un anime de 148 cap√≠tulos, hola? ? ? - C√°llate la puta madre https://t.co/g2Q88EbC3n	0	0	0
20700	¬øQuieres saber tu futuro? Si no te gusta, puedes cambiarlo. DESTINO SUDACA https://t.co/kjZAPl2k3n	0	0	0
22445	Quiero seguir en muchos √°rabes / turcos / israel√≠es, creo que tengo una cara de terrorista y no me di cuenta.	1	0	0
24552	callate perra	1	1	1
21068	¬°LOS INMIGRANTES ILEGALES DEBEN SER DEPORTADOS A SU PA√çS DE ORIGEN AHORA! ! - El Gobierno crear√° un √∫nico comando policial para combatir la inmigraci√≥n ilegal https://t.co/8drls5owWB a trav√©s de	1	0	1
22116	jajajaja la portada de depor con flores, ramos y mejillas como jeques √°rabes	0	0	0
23680	Para √©l eres la perra y seg√∫n t√∫ era un caballero.	1	1	1
24087	Simplemente me mostraron una prueba de anatom√≠a de otra universidad (no dir√© cu√°l) es una broma de mierda.	0	0	0
22702	Eres un tipo malo que no mereces ser una puta puta feliz perra	1	1	1
21067	C√°llate perra perra, despu√©s de que quieras que no sea un imb√©cil con tu puta perra, deja de creer que eres gringa si naciste en el CDMX Deseguro	1	1	1
20440	Esque puta c√°llate y no pienses m√°s.	1	1	1
20150	En Ceuta hay una monta√±a que simboliza todo lo que sucede a ambos lados de la cerca PERFILADA en la roca, con el busto ... https://t.co/lH5kGLlkzQ	0	0	0
20102	y los latinos se llaman sudacas, conquistados e incivilizados, ¬øqu√© cosas no? (no todos) https://t.co/Ew6hpH5wIa	1	0	1
20179	Uno m√°s est√∫pido dir√°s, hasta que el gallo ya era gente con las travesuras de Alves y Neymar ...	0	0	0
23920	Estos hombres, tienen un cuerpo de atletas, no hay hambre en sus caras, no hay fatiga, est√°n bien. Si saben c√≥mo manejar c√≥mo da√±ar. ¬øREFUGIADOS? Unos 400 migrantes subsaharianos acceden a Ceuta despu√©s de saltar su cerca fronteriza https://t.co/hrA7Zpu9WI	0	0	0
24984	To√±ito otra vez tu? ? ? ¬°C√°llate y disfruta del triunfo de nuestro equipo perra perra madre! ! !	0	0	0
21745	Acabo de mostrar mi polla y no estoy muy orgulloso de ella, me salt√© las √∫ltimas 2 horas y estoy en casa, ¬øqui√©n viene?	0	0	0
23782	¬°Hija de Re mil puta, mereces una foto en la puta de mierda! ! !	1	1	1
20706	C√°llate Tilinga atorranta verg√ºenza da x x ser una perra, digo de montonera ocupar un puesto de diputado	1	1	1
23965	Hola me dijeron que tu novia es una perra	1	1	1
21395	Un d√≠a me dieron un muy buen consejo: si no vas a decir nada inteligente, C√ÅLLATE LA PUTA MOUTH. Apl√≠calo porfa.	0	0	0
24013	COMO UNA ZANJA MADRE TENGO AQUELLOS INSTAGRAMAS QUE CON 1.000 SEGUIDORES ENSE√ëAN Y ENSE√ëAN AL CULO LAS FIGURAS P√öBLICAS AUTOCOMPUSADAS, PINCHAN PERRAS SIN AMOR EL ODIO PUTEJAS PENDEJAS	1	0	1
23953	Mi madre me trajo unas zapatillas de tenis Adidas y no son mam√°s s√∫per hermosas	0	0	0
24292	Ay, c√°llate, no eres t√∫ puta divina	1	1	1
24135	personas que se quejan de la inmigraci√≥n ilegal ... es muy arriesgado para los espa√±oles que no sean los altos cargos que se llevan millones y millones en nuestra cara, con la menor parte de lo que nos robaron para ayudar a los inmigrantes a√±os y a√±os xdd ves el plumero ! ! ! https://t.co/Vj0nv74ECw	0	0	0
21835	Si realmente dejaste as√≠ a la perra, eres una persona de mierda y te mereces la peor pana. Es asqueroso	0	0	0
23056	Pedro S√°nchez renuncia y autoriza a Open Arms a desembarcar a 87 inmigrantes ilegales - Rambla Libre. "¬øQu√© tan importantes son estas admisiones cuando, a lo largo de las costas de C√°diz, en apoyo de las mafias, admitimos miles de personas cada semana", dice Pedro S√°nchez. https://t.co/nCLSWwwKaO	0	0	0
20487	Debe ser el gallo el ser insensible a la iron√≠a, caminar por la calle de mierda diciendo tonter√≠as, ser rechazado y te atreves a discutir la fuente con cuatro tonter√≠as que suenan.	0	0	0
24263	Porque el tema se rompe es tan pegadizo y √°rabe que no te lo digo	0	0	0
20568	les arabes https://t.co/93F49DMfQe	0	0	0
24896	CALLATE ANA TOY BAD CON TU BITCH	1	1	1
23400	Eres mas de estar chura	0	0	0
23210	He visto personas m√°s gordas con brazos peludos que personas felices.	0	0	0
22247	C√°llate perra si te gusta estar con todos.	1	1	1
22160	Supongamos, si me acerco a la Cerca de Ceuta y le arrojo piedras o similares a los "inmigrantes" que, en su intento de entrar ilegalmente en Espa√±a, atacan a los guardias civiles con diferentes √°cidos, cal viva, etc. ¬øimpune? ? ?	1	0	1
22472	El apuesto √°rabe quiere que le ense√±e espa√±ol.	0	0	0
21930	C√°llate, hijo de tres mil perras. Tambi√©n eres responsable de lo que sucede, tienes un micr√≥fono y defiendes esto.	0	0	0
24922	NO + INMIGRACI√ìN NO + INVASI√ìN NO M√ÅS INMIGRANTES, DEPORTACI√ìN MASIVA AHORA! ! ! #DefiendeChile #ChilePrimero # SocialPatriotas2022 https://t.co/npFnkVLpoV	1	0	1
23425	Adem√°s de los d√≥lares donados por los Emiratos √Årabes para la reconstrucci√≥n de Santa Olga $ $ $ https://t.co/29A2iSUkYV	0	0	0
20886	LLAMA A LA PUTA! Mis alegrias veasveeen	1	1	1
22863	Malditos √°rabes, ¬øc√≥mo pueden entender esto https://t.co/7sPjVFSI6u?	1	0	1
23285	FAV es intimidaci√≥n ... RT es violaci√≥n (?)	0	0	0
22507	Hoy nos sentimos muy felices de recibir noticias de Soda desde casa, ya que no hab√≠amos tenido noticias de ella durante mucho tiempo. Muchas gracias por las fotos a tu familia.	0	0	0
20034	El papapapartido imimimporta ... callate tartaja! ! ! Vamos polla de madeira	0	0	0
23662	#Ecuador facilitar√° la entrada y salida de su territorio de menores indocumentados bajo el "flujo inusual" de venezolanos, dijo el s√°bado el Ministerio de Relaciones Exteriores. https://t.co/rw8cf0YBgN	0	0	0
22813	Menos alboroto y m√°s hechos: #GuardiaCiviles exige una verdadera protecci√≥n legal en el ejercicio de sus funciones. Comenzando con las agresiones y lesiones producidas en la valla de Ceuta. https://t.co/QGRhFIVRkt	0	0	0
21408	Tengo miedo cuando un √°rabe me sigue.	1	0	1
22236	La Gendarmer√≠a fue directa para provocar, son hijos de puta. Tienes que bajar a este maldito gobierno.	0	0	0
20455	Q hijo de puta. C√°llate #LQSAForever	0	0	0
20664	Verg√ºenza de cerrar 2017 con el asesinato de Diana Quer, la violaci√≥n de los San Fermines y el acoso que a√∫n existe, es hora de detenerlo, mujeres y hombres por el feminismo, por la IGUALDAD, porque hay pocos locos, pero tienen caus√≥ demasiada desgracia ya #noalaviolenciamachista	0	0	0
22203	Venezuela | Solidaridad desde la Rep√∫blica √Årabe #Siria El leg√≠timo presidente Bashar Al Asad conden√≥ los hechos. "Siria conf√≠a en la capacidad del gobierno venezolano para tratar asuntos internos en el marco de las instituciones y respetar la Constituci√≥n" https://t.co/1WE4RDf0lV	0	0	0
21516	SEMEN Difundimos un movimiento necesario. http://t.co/P6hfGRZ0Tm	0	0	0
24328	Puta que me hace bien el silencio del hocico https://t.co/feBLWc61ao	1	1	1
22758	es que con ese escote pareces una puta ',' esa falda corta ... ',' las medias de red ... (puta) 'de todos modos.	1	1	0
20772	La casa de mi novia es la jodida leche, las serpentinas de los vecinos, la casa porno, ¬°lo tiene todo!	0	0	0
23196	C√°llate perra, es la verdad.	1	1	1
22820	#LoNuevo poes√≠a feminista arabe? Aqu√≠ hay una muestra https://t.co/aQX8TKPlwb https://t.co/W1cyXRe3sa	0	0	0
21371	Los comunistas han pasado de disparar a los que huyen saltando del muro en Berl√≠n, si eres subsahariano, date una peque√±a paguita.	1	0	1
23905	C√°llate eres la c√°rcel hijo de tu puta mae	0	0	0
20365	¬øY eres una perra?	1	1	1
23585	Analicemos esto: si llevas pantalones cortos as√≠, en la calle, ¬øqu√© esperas que te digan? Intimidaci√≥n ? O provocaci√≥n ... https://t.co/vRDyNzMdCG	1	0	0
24730	O Panam√° es muy joven, o eres una perra.	1	1	0
23347	# 01Ago Cuando el documento de identidad del pa√≠s sea el √∫nico documento para todo, comenzar√°n a restringir los documentos de identidad, como el pasaporte. ¬øA donde escapar indocumentado?	0	0	0
22956	* √öltimo minuto * * Para el conocimiento de todos, a "CARLOS PISTOLA" traficante indocumentado que fue arrestado transportando a 17 haitianos ilegales en un veh√≠culo c√≠vico de honda, solo lo impusieron ... https://t.co/sWyZdB0Fx9	0	0	0
21638	C√°llate, ladr√≥n, sigue vendiendo tu puta.	1	1	1
21589	conoces al chico polla? y no estoy hablando de jordi - xd est√°s aqu√≠ para ver https://t.co/UsPceGCxUl	0	0	0
24980	#OJO arrestado en 95 #indocumentado en el desierto de Arizona #internacional # https://t.co/h04VR2nKJJ https://t.co/lByJY2iXaJ	0	0	0
20957	Buena descripci√≥n, aunque te olvidaste de decir la puta moralista. Todo el mundo tiene que ENSE√ëARTE y EDUCARTE con tu jodida moralina de las bolas. Es una serie muy milenaria.	0	0	0
22279	Miki nadal calla la puta ducha de las bolas del papa	0	0	0
24403	Le pedimos a las sudacas seudo feministas que nos explicaran de d√≥nde viene la capital para hacer sus pa√±uelos verdes y terminamos en el estado de Israel, una verdadera agencia de noticias.	1	0	1
20093	Lo peor de todo es que eres parte de la culpa de la destrucci√≥n de Venezuela, hijo del gran PUTA, y por encima de todo a√∫n eres ch√°vez MALPARIDO. ahora no valen la pena los arrepentimientos, tienen 18 a√±os, llevan PALO y pasan roncha, y ahora mismo	0	0	0
24152	¬øC√≥mo es la canci√≥n √°rabe para los bailarines?	0	0	0
23775	Vas a querer g√ºero de gambas seco! ? El camar√≥n seco en #Chiapas de nuestras costas es un alimento de gran consumo para la gente de Chiapas, se prepara con tomate, cebolla y chile picado con un toque de lim√≥n, siendo este un bocadillo popular exquisito.	0	0	0
20357	Lo menciono de nuevo porque me molesta que, por los idiotas que tienen que hacer tonter√≠as, los animales mueren innecesariamente y las familias tienen que pasar por eso; Porque le pasa a mi perro y te golpeo el petardazo en la cara hijos de puta. https://t.co/hQV68mqHiX	0	0	0
22319	Los rid√≠culos de mi TL que juzgan qu√© es acoso o no mientras no lo experimentan. Mida con su feminist√≥metro en otro lugar, BAI https://t.co/cf6pnC2ylj	0	0	0
20982	Usted era un hombre de pocas palabras, con un silencioso hijo de puta a quien habr√≠a servido.	0	0	0
24314	¬øPuede alguien decirme que en una queja de acoso o violaci√≥n PROBADO, la sociedad se ha puesto del lado del agresor? Es para un amigo https://t.co/eTgykUcA2f	0	0	0
23277	SIII LA RE PUTA MADRE, LO GRITA COMO OBJETIVO ... LO DESCOLOC√ì Y LO REEUDA. SOMOS BICAMPE√ìNA	0	0	0
24776	No soy racista, pero es una excusa para que la izquierda introduzca una cultura radical y violenta en Espa√±a mientras elimina la religi√≥n https://t.co/xKQc53pnLg https://t.co/NHi1Tl8teu	1	0	1
20999	USTED NO PUEDE SER UN LINER O UN HIJO DE UNA ZANJA. Q DIOS LE DA MUCHO TODO TIPO DE ENFERMEDAD. Te mereces lo peor del mundo.	0	0	0
23182	Creo que la aberraci√≥n es la violaci√≥n y el acoso, creo que las quejas contra la ley y / o los medios de comunicaci√≥n deben hacerse de manera inmediata para que se tomen medidas in situ y no m√°s tarde, con el solo hecho de viralizar y acosar al perso.	0	0	0
20624	Las prostitutas depender√°n de ti co√±o Pablo Fern√°ndez, puto puta!	0	0	0
20057	Los inmigrantes intentan escapar de Ceuta escondidos en un ferry https://t.co/PzsYXikVuh a trav√©s de	0	0	0
24143	C√°llate, nunca tendr√°s una mujer as√≠ en tu puta vida. Puto macho	0	0	0
24200	Educar en igualdad. Nada m√°s . Ense√±ar respeto.	0	0	0
24477	Primer pa√≠s √°rabe en despenalizar la homosexualidad. #Libano Despu√©s de largos debates, el tribunal deja "sin efectos legales" el art√≠culo 534 del C√≥digo Penal que conden√≥ el amor entre personas del mismo sexo con la prisi√≥n https://t.co/9thMXV6zD0 https://t.co/ pxd2Y0Zt9V	0	0	0
20196	C√°llate que no tienes ning√∫n rollo.	1	1	1
21427	No mereces que te respondan, pero a√∫n as√≠, lo har√©. No me conoces para decir que soy una perra. Lo usas como un insulto, y dice mucho sobre ti. Estoy seguro de que un t√≠o como t√∫, que est√° diciendo "zorro" a una t√≠a sin raz√≥n, tambi√©n tiene patadas a las t√≠as. https://t.co/wLuQpKxWkx	0	0	0
22198	Lo peor que puede hacer un pa√≠s es dar una carta abierta a los inmigrantes. El Per√∫ lo hizo f√°cil para muchos criminales, sin tanta formalidad, visas para todos. M√°s control, m√°s respeto y aceptaci√≥n para todos.	1	0	1
20698	#SNInternacional M√°s de 40 muertos y decenas resultaron heridos en el ataque de la coalici√≥n √°rabe contra Al Hudaida https://t.co/0iBW05Shgg	0	0	0
22509	Qu√© chiste Sin papeles, sin direcci√≥n conocida ... Puede ser en cualquier lugar ahora. E incluso si lo atrapan, ser√° lo mismo, lo defender√°n los brazos abiertos y todas las instituciones https://t.co/kKgIAY6sBK	1	0	0
21506	8 de la ma√±ana y Gus escuchando a Arab jajaja desde temprano.	0	0	0
22019	Tres indocumentados, narc√≥ticos y armas fueron asegurados durante un registro domiciliario en Calexico. https://t.co/Sm5nCuFKzq # LaCr√≥nicaBC https://t.co/jOpyzBxhIU	0	0	0
22016	El PP ha regresado: Casado siembra vientos y recolecta ... Un vicepresidente del Consejo Provincial de Alicante (PP) defiende las "deportaciones masivas" de inmigrantes, a quienes √©l acusa de una "invasi√≥n silenciosa" https://t.co/ 33Gl1eYoy0 via	0	0	0
24016	VIDEO: Los 30 segundos m√°s brillantes que resumen todo el conflicto √°rabe israel√≠ https://t.co/TrbGPfWhjm	0	0	0
24383	Reverendos hijos de puta, dejen de provocar a la gente! ! !	0	0	0
21045	A todos los que critican la llegada de inmigrantes y creen que les quitan el trabajo, les brindan demasiada ayuda, y as√≠ sucesivamente, que observan el programa de AR de hoy a partir de los 10. Y les permiten seguir con lo que han dicho: "Ellos vienen para hacer el trabajo que los espa√±oles no quieren.	0	0	0
21774	No tienes ni puta idea, est√° claro.	0	0	0
21145	¬øCu√°ndo viajar√° la mujer a la luna? Cuando hay que limpiarlo.	1	0	0
20320	Whore the weon swells balls ... criticas por tu programa, pero eres un panelista en primer plano ... CLOSE UP PO WEEEOON! ! ! ... Chanta!	0	0	0
21625	Hey: tu nabo es una peque√±a polla y eres un cornudo	0	0	0
24685	Por suerte, obtienes un crimen por odio y no un golpe en la frente como mereces, escoria https://t.co/cRpnoDwp5W	0	0	0
22847	No quiero ense√±arle a mi pap√° a usar Whatsapp porque en su grupo de nataci√≥n hay mucha puta suelta.	1	1	1
22705	C√°llate perra, recalienta a los que se lanzan ejecutivos de TV Azteca cada vez que pasas saltando de gallo en gallo, por eso dejaste a Fernando, porque te encanta la broma.	1	1	1
24838	¬øC√≥mo diablos puedes decir que la fiesta de Benzema es mala, hijo de la gran puta? No mereces seguir disfrutando de este deporte si piensas eso.	0	0	0
24819	Cada vez que escucho a un inmigrante hablar sobre su pa√≠s anfitri√≥n, solo escucho palabras de agradecimiento. Despreciar el lugar que te ha dado todo, solo se ve en catalu√±a.	0	0	0
21729	No todos los inmigrantes que llegan son asesinos, pero es cierto que el Islam y el 100% de los seguidores no toleran la homosexualidad, que las mujeres que se perfuman a s√≠ mismas son perras, que las mujeres no tienen los mismos derechos ... pero los radicales somos nosotros. otros ...	1	0	1
24559	C√°llate perra	1	1	1
20281	RECHAZADO S√ç, LOS INMIGRANTES LOS NECESARIOS Y AQUELLOS QUE REALMENTE PUEDEN ASISTIR, creo que Espa√±a solo deber√≠a acoger de manera ordenada a los inmigrantes latinoamericanos de habla hispana, cristianos, que ... https://t.co/mo1PM2oR2l	1	0	0
20757	S√≠ tu puedes ! Todos los imb√©ciles que animar√°n a Reverte por dejar a esa puta lesbiana en su lugar. Al menos el disgusto que da Reverte es parte de un personaje que lo alimenta, los dem√°s lo hacen gratis.	1	1	0
22873	¬øY para la PEDERASTIA, LA VIOLACI√ìN Y EL ACOSO IMB√âCILAL? ? ¬°Para esos PECADOS DEBEN AGITAR A SU IGLESIA DE LA VERDAD! ! Ponle un bozal a esas curas hocicas, lenguaje de demonios, m√°quinas, mis√≥ginas, hom√≥fobas, DENIGRAN su Iglesia y OFENDA a la Sociedad #Asco https://t.co/96KjZa8rFq	0	0	0
23475	y el PSOE crea el primer campo de concentraci√≥n para refugiados en Algeciras.	0	0	0
23461	Weyy, c√°llate, entonces lloras porque te tiran el pelo, perra Psh	1	1	1
22111	Ya retirado, hijo de tu puta madre, simplemente ten piedad de que no mereces estar en este equipo solo porque tienes que joder el pelo del entrenador.	0	0	0
20326	- Compr√© un collar para mi esposa. + Co√±o, todav√≠a lo tengo suelto.	1	0	0
21270	Seg√∫n mi abuela Natacha Jaitt, ella merec√≠a ser golpeada por su ex. Por haberle hecho eso a Latorre, por qu√© es una puta, por qu√© lleg√≥ tarde, por qu√© fue mala toda la vida. https://t.co/cMGdAYrkdC	1	1	0
23078	Eres una perra con pecado original, no puedes quedar embarazada como la Virgen.	1	1	1
23265	Mi futuro es tan negro que est√° saltando la valla de Melilla.	1	0	1
24643	Esto pasa a ser una perra ... Taponazo en la cara https://t.co/YyiLUtjUSM	1	1	1
23550	Las putas feministas dejan de ser tan subnormales, gilipollas y sucias y me chupan la polla para que hagas algo k valga la pena	1	0	1
24970	Se√±or #alcadedevalparaiso tiene claro que cuando uno hace la tarjeta en l√≠nea para valparaiso, la rechazan porque dicen que tengo que ir al municipio y tomar los papeles, y en el mar la aceptan y hacen una cita por tel√©fono sin complicaciones.	0	0	0
23677	Las mujeres son libres de vestirse ya que se les da la perra. https://t.co/ekqJuPDuYa	0	0	0
21019	C√°llate mentiroso hijo de re mil putilla.	0	0	0
23187	Te gusta cuando te la pone y por eso me pide que la termine cuando la termines, eres una buena perra y yo subo con retro y que te gustan los desaf√≠os, tu novio que se queda quieto para darle 50 Tengo un peine completo y para darle en el toto tengo un error prietooo	1	1	1
20675	Esperemos que vengan m√°s refugiados e inmigrantes subsaharianos, y ver√°n c√≥mo los maricones tienen que permanecer en el armario por mied ... - Ahora d√≠galo sin llorar https://t.co/KwI2bfI6nM	1	0	1
21736	Un sitio web isl√°mico alienta a los moromierdas a venir a Espa√±a para vivir en ayuda p√∫blica. Esto es lo que recibe y su efecto se llama. https://t.co/otWmEQbi8s	1	0	1
21161	{Lilinette es una puta. Pero eres un amor <3}	1	1	1
22023	C√°llate me enviaste a la puta delantera jajajajajajaja	1	1	1
24461	¬°C√°llate perra!	1	1	1
24574	C√°llate tu puta boca, tu existencia me repugna, gilipollas	0	0	0
22487	EL DE LA IZQUIERDA PEGO UN KICK EN LA CARA QUE COSE A MONA AHRSJLSV	0	0	0
23296	C√≥mo odio a la gente impuntual, la puta se vuelve loca y tu chica no es puntual.	0	0	0
20767	T√∫ eres el pajera ... mierda perra lo √∫nico que puedes hacer es abrir las piernas ... xk putas las abres si no sabes c√≥mo ser madre cojuda.	1	1	1
21942	Permitir que el pa√≠s se llene de subsaharianos para obtener un t√≠tulo de f√∫tbol mundial a cambio es un precio muy alto que los franceses est√°n pagando por tal baratija.	1	0	0
23373	C√°llate esperanzado, adem√°s de lo que me gustaba, tuve una gran puta vida	0	0	0
22104	elcejass __ comemela pija de canto bujarrilla no vead pa para poner la voz tuya. Drakuin es ... https://t.co/INGPjK7krs	0	0	0
24445	Cada vez que la babosita muestra m√°s culo y Carmen parece una sirvienta con esos harapos jajaja	1	1	1
24595	Tienen una puta madre para ense√±arte ahora, deja que unos pocos tomen algo jajajajaja	0	0	0
24598	La rubia es lucius y la rubia segundas andrea. Los otros ya son la gabacha, la locha, el enano ... https://t.co/njpIxAS8vl	0	0	0
21981	Dos contrataciones que no pueden jugar a Sudaca, implican que la PRIORIDAD es la liga, los ojos buscan el significado de PRIORIDAD, eso no significa que olvidar√°n a los dem√°s, si los resultados se dan incluso priorizando la liga maravillosa.	0	0	0
24843	Verga que culero, vaya 3 muertes de personajes directamente relacionados con la #luchalibre gabacha. D√≠a negro para la lucha libre, renuncia anticipada para las familias de todos. Si lo piensas bien, todos somos una gran familia.	0	0	0
24725	no mereces nada y te doy todo lo que eres, hijo de puta, te juro por lo que sea que no te responda de nuevo, ni siquiera un maldito mensaje, siempre haciendo cosas por ti y valor√°ndote.	0	0	0
23758	En primer lugar, saqu√© a Duque y √Ångelo de la convocatoria del primer equipo. Ahora ni el Sub 20 se va. Y no hablamos de D√≠az. 3 borrados frontales en atlas. ¬øQu√© pasar√° si Octavio Rivero no funciona? https://t.co/Ih6pY5FaxD	0	0	0
23105	No todas las mujeres musulmanas son escoria, no generalizadas. Porfa!	0	0	0
21775	Sr. Gustavo Vizcaino, no olvide los vzlanos indocumentados en el extranjero porque el sistema no permiti√≥ optar por una extensi√≥n. Necesitamos pasaportes. Sabemos el desastre que Dugarte dej√≥ atr√°s, pero danos prioridad	0	0	0
22832	Joder, como me gusta cuando frotas tu co√±o empapado con mi polla y mis huevos, sientes ese calor, tus nalgas en m√≠, tu maravillosa espalda movi√©ndose tan sexy, quiero follar contigo ahora https://t.co/ ejJlOx0loM	0	0	0
20020	Todos: - #NoTodosLosHombres - PPK, presidente de lujo - Per√∫ no va al mundo 2017: J√°, delirios.	0	0	0
22400	C√°llate perra, hasta que el casino te controle.	1	1	1
24466	El juez brasile√±o Helder Gir√£o Barreto orden√≥ la suspensi√≥n de la entrada de inmigrantes venezolanos por tierra. #Pulsoslp https://t.co/eSwdQtzMNy	0	0	0
24363	Pellizcos de doble moral rid√≠cula, primero dicen que odian la infidelidad pero est√°n defendiendo a otro que es igual de jodido para ellos. NO MAMEN	1	0	1
21697	HAHAHAHAHAHAHAA, al olerlo, ella puede cortar a la t√≠a, sabes, las papas que me da no son normales la perra	1	1	1
20909	El hijo de puta quer√≠a estirar el pase al arquero hasta el √∫ltimo minuto, merec√≠a ser un gol y lo mataron.	0	0	0
20907	¬øC√≥mo reciben di√°lisis los inmigrantes indocumentados en los Estados Unidos? - CNN https://t.co/NXxzr7Q7pm Daniel Esgardo Rangel Bar√≥n https://t.co/cs7Ssrtq7z	0	0	0
22504	F√≥llame a las jodidas personas que por ser g√ºeros, creen que son una mierda, ¬øo qu√© piensas, golpes fuertes?	1	0	1
20204	C√°llate que el que apu√±ala lo visto eres puta.	1	1	1
23181	PERD√ìN SI ESTOY SELECTO Y PERDONADO SI TE DEJO. PERO AS√ç QUE POD√çA IMPEDIR SER Y NO SAB√çA OTRA PISTA LA MANERA DE SER	0	0	0
23032	Mejor callate la cara de la puta o reputada como tu madre ... Puedes decir que necesitas estos https://t.co/3jeehNQzy1	1	1	1
24287	PARA VER, ZORRA ENFERMOS. VOY A ENSE√ëAR, PORQUE PUEDO PUTARTE A TI YYYY Y LLEVAR A SPRINCK SI ME ENTREGAS A LA GANADORA DE WINS:	1	1	1
21830	Feliz 15 a la perra, espero que seas agradable porque te lo mereces, ¬°te quiero un monton! ! ! https://t.co/onlbzJO13K	1	1	1
22047	C√≥mo se lo hacen a √©l, ni siquiera puedo ense√±ar a darle la pata a mi perra.	0	0	0
23476	No se merec√≠a nada de esto, la puta madre, todos merecen ser felices.	0	0	0
21897	El gobierno socialista ha puesto en vigor un acuerdo con Marruecos para que la cultura √°rabe y marroqu√≠ tengan prioridad en Espa√±a. ¬øCu√°l es el punto de? Como √©l defiende, debe evitarse la islamizaci√≥n de Espa√±a. https://t.co/wqHr96MLnd	0	0	0
21700	A ver si aprendes que la cultura √°rabe y marroqu√≠ son m√°s o menos lo mismo que t√∫, ¬°mierda! . Aprende en tu tiempo libre, que son muchos, lo que te gusta pero deja a los ni√±os en paz. #SanchezDimision #SanchezVeteYa https://t.co/es7XdNzIyz	1	0	1
22999	Si t√∫ eres el que me est√° rogando a la puta puta, haz clic en old long pedicure y te traje bien patrocinado y sigo haciendo pedos como chingas a la polla	1	1	1
21160	FRASES √ÅRABES M√ÅS F√ÅCILES DEL MUNDO - Proverbios √°rabes https://t.co/GyS5njiyoo	0	0	0
21147	Zorra Montesinos se llama Keiko o tu madre? Bueno, todos sabemos de d√≥nde vienen los tent√°culos o eres tan fan√°tico para no ver c√≥mo Acciona esta pandilla criminal. . Y Joaqu√≠n espera que venga la c√°rcel.	0	0	0
20358	No hay suficientes m√©dicos espa√±oles aqu√≠ en Espa√±a, que tienen que venir a trabajar a sudar.	1	0	1
23175	Mira chico eres un puto gilipollas callate ahora	0	0	0
20392	QUE ASCO VEA EL SIN &quot;TRAPOS&quot;, CON ESTADIOS VACOSOS Y EQUIPOS LLENOS DE SUDACAS PETARDOS ...	1	0	1
24509	tu novia es una perra Ella tiene las mismas tetas que una perra embarazada JAAJJAAJA Que disgusto As√≠ que Ego tienes mmgvo	1	1	1
22164	VAMOS A LA MADRE FLORENCIA QUE ERES MERECIAS FEDE LOS DIEZES EN PETIZO PUTO Ahre igual si soy feliz Callense	0	0	0
21121	De qu√© mont√≥n de bastardos est√°s hecho. El √∫nico lugar en el que merec√≠a estar es tras las rejas.	0	0	0
23671	Mayates nunca se agotan por favor	0	0	0
20578	Star Wars: crea un personaje masculino complejo follando madre Gente: * estas tonter√≠as *	0	0	0
24309	Y t√∫ eres m√°s escoria, defendiendo al gobierno corrupto ..	0	0	0
22922	Finales de 2017 y todav√≠a no entiendo cuando una mujer es &quot;perra&quot; o &quot;trola&quot; ü§∑ Ô∏è Ô∏è	1	0	1
24811	Hay 50.000 africanos subsaharianos en el norte de Marruecos que esperan ingresar a Espa√±a en cualquier momento. Las cifras dan miedo. Las mafias les venden que Espa√±a es &quot;su para√≠so&quot;. No sabemos c√≥mo terminar√° esto. # DefendSpain #DefiendeTusFronteras	0	0	0
22793	@ Todav√≠a te amo pero no te lo mereces, perra.	1	1	1
23299	Temas en el almuerzo de hoy: religiones, creencias, estilo de vida hippie, violaci√≥n y hostigamiento. A veces me gusta ser genial	0	0	0
20319	Por violaci√≥n y acoso sexual https://t.co/TSRoNVRY22	0	0	0
22654	Una ametralladora y voy a la valla de ceuta. O a la Tractoria. No pasar	1	0	1
21205	Callate hdp q vos con tus monos kk p o.pj y kk son la escoria alquilada en este pa√≠s del cuarto l√∫gubre gracias charlatan.segui que cobra 200 lucas y env√≠a negros violentos a la calle	0	0	0
22803	Creo que el Smirnoff y el √°rabe de con una combinaci√≥n de DIABLOOO	0	0	0
23280	Pablo Casado y Albert Rivera en la cerca de Ceuta https://t.co/5R7EGP01Vq	0	0	0
22476	PANAM√Å üáµ | El central Johnatan Mosquera üá® game jug√≥ el juego completo en el empate 0-0 √Årabe Unido contra Costa del Este FC https://t.co/ZkZEi1Q5lj	0	0	0
24848	Sentir√°s que s√© c√≥mo mover mi polla en el culo de tu puta para que puedas ver que amas. Nunca olvido darte tu raci√≥n de leche en ese maravilloso culo de puta peluda.	1	1	1
20049	Ah pod, ahora no puedo criticar porque soy inmigrante? Dios m√≠o, ¬øpor qu√© hay tanta gente? https://t.co/RAHMXDL7G1	0	0	0
21242	Poco mereces hijos de puta	0	0	0
24149	C√°llate te despertamos de la mejor manera.	1	1	1
21620	C√°llate perra, las putas no hablan perra puta puta.	1	1	1
23068	C√°llate, asustas a la perra. (Y tu tambi√©n me asustas)	0	0	0
24950	C√°llate perra corrupta que tienes las manos llenas de mucha sangre, canalla, vagabundo, que pagar√°s como los dem√°s.	1	1	1
21956	Los arabes me repugnan	1	0	1
20697	√öltima hora | √âl culpa a Pedro S√°nchez por #Oladecalor. √âl dice que si no tiene lo suficiente para recibir a los migrantes, tambi√©n tiene que dar la bienvenida al calor subsahariano. # Feliz mi√©rcoles # 1 de agosto	0	0	0
24927	Te mereces m√°s la portada de la revista Playboy ... Para una perra ... Y una mentirosa ...	1	1	1
23911	Pur ü§î ü§î &quot;puritanismo sexual&quot; en unos pocos a Catherine Deneuve no le parece acoso que un imb√©cil te toque porque le gustas, es un flirteo tonto ... #fuckU Cien artistas e intelectuales franceses contra el &quot;puritanismo&quot; sexual | Cultura | EL PA√çS https://t.co/sdafn9As3J	0	0	0
22252	Bueno, entonces, en lugar de olvidar, repetiremos una vez m√°s: &quot;¬°Mi novia es de Sevilla y es una perra! ! ! &#39;#minoviaesdelsevillayesunaputamas todo nuestro apoyo! ! !	1	1	1
20468	mi madre est√° escuchando el nuevo tema de ecko jajajaj es en modo √°rabe el loco	0	0	0
23157	Cuando viajo a otro pa√≠s, tengo que mantener mi pasaporte en orden, pasar todos los controles y obedecer a las autoridades y al pa√≠s. Aqu√≠ en Espa√±a vienen inmigrantes, saltando vallas, atacando a indocumentados y nuestros pol√≠ticos se dan la mano.	1	0	1
20343	Ute tranquilo mi amigo me escuch√≥? Si quieres que no te jodas la vida qu√©date callado perra hijaeputa y me pasas la abon candesita! Cuales son tus nene cosquillas	1	1	1
22743	Eres la perra idiota y yo la vieja, okurr.	1	1	1
22345	¬øQu√© hace una mujer en una habitaci√≥n redonda? - encontrar las esquinas	1	0	0
20791	¬øQu√© pasa si &quot;volvemos&quot; a Ceuta y Melilla y as√≠ dejamos de saltar la valla? https://t.co/IcgvJ1wXxt	0	0	0
23660	¬øA d√≥nde vamos a migrar cuando Europa es isl√°mica y Estados Unidos es latino? #inmigraci√≥n	1	0	1
21062	Los 5 minutos d la gloria de una asociaci√≥n gracias a #TVE. 2 ediciones de #telediario ofrecieron una amplia cobertura a la # denuncia contra los #inmigrantes del salto de la #valla de #Ceuta interpuesta por una asociaci√≥n fantasma con conexiones #ultraderechistas https://t.co/kTrPg40rH2	0	0	0
22540	Mira, me cansas, c√°llate, no tienes ni puta idea de nada https://t.co/xDapnC6xLV	0	0	0
24041	Bueno, debo admitir que en eso los mexicanos (sudacas, dir√°n esto) han aprendido muy bien de los espa√±oles. Lo primero es decir: &quot;No soy racista&quot;, &quot;No soy de la derecha&quot;, &quot;No soy fascista&quot;, &quot;con todo respeto, ... https://t.co/K0Hzzwd35d	0	0	0
24329	Lo amo tanto por el culiao gil, que me hace pasar los d√≠as con sus tonter√≠as. Odio que tome lo contrario, pero puta a quien le falt√≥. No vayas m√°s lejos, peque√±a Zky. https://t.co/Bs3G7etf52	0	0	0
23413	Puta wna. Cerrar . S√≠, lo s√©, pero ya sabes ... Encuentro tierna hasta que los ni√±os chocan entre s√≠. Y esto ... esto no lo s√© ... es una mezcla de emociones, me dej√≥ sin palabras po ... incluso incoherente ... idk S√≥lo quiero que lo abracen :( https://t.co/ zKKqNTXgMP	0	0	0
22770	Y me vuelvo √°rabe, √°rabe cuando tomo JARABE, JARABE. #ModeArabe AHRE. https://t.co/SlW392K91x	0	0	0
22371	Psss hoy vamos y como eres una perra te voy a dar una copa	1	1	1
24875	Otra puta injusticia ... Big Raoul Te mereces lo mejor # OTGala8	0	0	0
21274	C√°llate, chupas la polla, te comiste 7 Alemania cornudo hijo de puta	0	0	0
22525	Cristina Pedroche explota: &quot;Si uso escote soy una puta, si estoy m√°s cubierta, no estoy https://t.co/PMskxIREe5	0	0	0
24699	Toda la pol√≠tica ... la sesi√≥n no se levanta y estos hijos de puta env√≠an a los peones que est√°n en la plaza y provocan la violencia ... 15 polic√≠as duelen pero no pasa nada ... si los que est√°n all√≠ son las personas ... MI DIOS el pueblo es mi anciana que se rompe la espalda trabajando no ellos.	0	0	0
20779	Ejemplo perfecto de c√≥mo NO dise√±ar un cuestionario, se lo guardo a mis alumnos #periodismo #opinionpublica: /: / #encuestas #metodologia #ccss #inmigracion https://t.co/cpkuQeMDfr	0	0	0
20200	Llegar√°n en masa a cartagena. De nosotros y de nuestros l√≠deres depende encontrar la soluci√≥n natural real, los # campamentos de refugiados de refugiados https://t.co/DP4JEeYl13 o dar paso a una invasi√≥n a gran escala en nuestras calles y la confrontaci√≥n social de los extremistas https: // t .co / 2cabgB9aTn	1	0	1
21470	QUE HIJOS DE PUTA CRAZY, FUE SUPER DESIRE FLORENCE ENV√çA BAILE FLORAL A 13013	0	0	0
22967	CALLATE PUTA EJEJAJ	1	1	1
23946	Me adapto a la PUTA ALFRED MIRADA PARA SER FAVORITA. VIVA MICHAEL JACKSON, ETERNO EL REY. ALFRED ERES GRANDE NENE # OTGala7	0	0	0
24985	Qu√© pesadilla mi padre contando mi vida y mostr√°ndome fotos a toda la familia, calla la boca de perra a un ni√±o peque√±o	0	0	0
22637	Solo extra√±as a la perra de tus amigos. Cerrar	1	1	1
22579	C√°llate maldita puta perra sin cerebro come pollas chupa pollas insecto jodida maldita hija de mil putas mierda gay infierno caca espantosa cara pelo podrido puta puta fagot pedaso de mierda est√∫pida mierda	1	1	1
22078	Mi mejor amiga dice que estas follando	1	1	1
21885	Dice Andres que te callas maldita perra	1	1	1
23574	Q poco tan cojible eres puta ya estoy follando varias putas d elektra pero eso demuestra que eres especial ser√≠a rico chiquitearte y darte a beber mis miados y mis mocos	1	1	1
22269	Tobias cierra la boca cuando suena la introducci√≥n ritual, esa guitarra llora para que puedas escucharla bien.	0	0	0
22202	Esta chica es m√°s puta &#39;mi mam√°	1	1	1
23903	Eres un hijo y una perra que mereces lo mejor para ti, felicidades, ¬°lo celebramos con esta melod√≠a! https://t.co/nLmylXYjkB	0	0	0
20438	Un gringo me dijo que le gustaba mi vestido y mi pap√° me dijo &quot;pinche g√ºero puto&quot; JAJAJAJAJAJAJAJAJAJAJA	1	1	1
24280	El capitalismo necesita personas sin papeles para mantener la inseguridad laboral. Urge un verdadero y fuerte plan de desarrollo rural. Hay muchos pueblos abandonados y otros en proceso de ser. Hay espacio y riqueza para todos. Tienes que organizar	0	0	0
20781	C√°llate, hijo de puta gordo, las veces que te vi entrar en la iglesia de Av. Santa Fe, no te envi√≥ al caparaz√≥n de tu madre. Chupa pija represores chaque√±os.	1	1	1
24014	est√°s equivocado, significa Svete Ea Mfregar Ela Ncocina.	0	0	0
22942	Ser gay tiene sus desventajas ya que odias a los putos moros y eso, pero a cambio, debe ser un noparra para follar, ¬øeh?	1	0	1
24823	LLAMADA PELOTUDO LINING HIJO DE PUTA	0	0	0
22724	Ayer fui a un disfraz de 18 y al que tiene m√°s guita del grupo disfrazado de jeque arabe.	0	0	0
20638	C√°llate puta chupa pija	1	1	1
24108	Oye, bueno, al d√≠a siguiente sales a cenar en coche, si te atrapa un grupo de inmigrantes indocumentados y te acosan, parecer√° un infierno. Https://t.co/at2kpO6ubd	1	0	1
20224	Estoy enloqueciendo . Le estaba diciendo a este ni√±o que mi padre golpe√≥ e insult√≥ a mi madre, que tiene dos quejas de violencia de g√©nero y √≥rdenes de restricci√≥n y comenz√≥ a decirme que nunca pensar√≠a que la mujer tiene raz√≥n, si eso me pasara a m√≠ es porque soy √°rabe https://t.co/JERLbuZynK	1	0	0
23351	Eso es lo que dijo tu tweet; No me gusta jugar con el abogado del diablo, pero, c√°llate, hijo de puta, y al siguiente tweet no me gusta jugar con el abogado del diablo, pero es lunes ...	0	0	0
24331	Si ese Wey es un lacayo, eres la perra del PRI.	0	0	0
22449	¬øNo jug√≥ Estados Unidos o qu√©? A las gabachas no se les puede vencer, me sorprende. https://t.co/Vj80wVtcPi	0	0	0
22227	Con mi polla te ense√±ar√© lo que es ser una verdadera puta sin valor, que solo piensa en chupar la polla y beber esperma espeso y caliente.	1	1	1
22750	CINTA QUE HAGAS LA PUTA DE PUTA SI NO ME ENSE√ëAR√ÅS ALGO QUE ME PASO MUY MALO	0	0	0
23938	Zidane eres un gran hijo de la gran puta. Y Benzema que no mereces llevar un segundo m√°s es camisa. Rid√≠culo ante un equipo pat√©tico.	0	0	0
21640	Jajajaja callate perra incada	1	1	1
20924	No entiendo por qu√© nunca puedo permanecer en silencio cuando me dicen algo, la perra madre, siempre tengo que insultar.	0	0	0
22791	¬°Eres la madre zorra de un asesino con un gen izquierdista y separatista! ! !	1	1	1
21958	A la se√±ora que est√° hablando en voz alta con su amiga a 50 cm de distancia, c√°llate con un jodido momento.	1	1	1
23884	Poreso es mejor perder la esperanza, no ser√°s como una persona, pero la alegr√≠a depende de tu co√±o / polla xd	0	0	0
21733	No solo los inmigrantes &quot;tradicionales&quot; llegan de nuestro pa√≠s al frente noroeste de √Åfrica de nuestro pa√≠s. Ahora vienen de todas partes de √Åfrica y Asia. Somos la plataforma europea &quot;ideal&quot; para refugiados e inmigrantes de cualquier parte del mundo. https://t.co/rc0k9POXEJ https://t.co/kxWmzFPXMK	1	0	0
24261	Ya sabes c√≥mo va a sonar este fin de semana √°rabe jaja.	0	0	0
21906	C√°llate la puta boca que voy a reventar en las obleas, payaso. (?)	0	0	0
24254	Ascazo de negratas https://t.co/9MLOutjkFM	1	0	1
23620	Desnudo provocas como un hombre, simplemente porque es un instinto humano.	1	1	0
23828	No s√© si se han dado cuenta ... del caso de Pablito &quot;el iluminao&quot;, que no est√° archivado ... ahora que lo hacemos, ¬øVenezuela o criminalizamos a los inmigrantes? ? ¬°R√°pido atrapas al toro! !	0	0	0
23359	IMBENES, no valen ni siquiera para los carters, son pura escoria, los alemanes cuando saquearon sab√≠an lo que hicieron in√∫til, incluso para robar son idiotas	0	0	0
22625	¬°Oh, esos inmigrantes vienen aqu√≠ para vivir en el p√∫blico, cobrando y robando, adem√°s de los falsos t√≠tulos universitarios!	1	0	0
22034	Un compa√±ero de trabajo me dice &quot;G√ºera&quot; y me gusta esto: https://t.co/DgdaVeKt2j	0	0	0
20215	Ultra pendeja este ciudadano com√∫n, teatro bajo pelotudis, c√≥nyuge y 6 horas al calabozo. Vago sin documentar ... https://t.co/MhD226N2rT	1	1	1
20374	SIEMPRE dijiste lo que pensabas, nunca regresaste, tienes la humildad de la puta madre, eres incre√≠ble y te lo mereces	0	0	0
20094	Tan metas 2018 he ido a kebap y me han hablado en √°rabe. misi√≥n cumplida	0	0	0
24045	Ô∏è #Barcelona, ciudad de #okupas, inmigrantes ilegales #manteros, #turismofobia y #narcopisos en el Raval. Los magrebis atacan a un filipino en ese barrio. Desaparecido y sin enfrentarse. https://t.co/pSzcNIZCCl	1	0	1
21827	Y los ves llorando x un amor de dos d√≠as y has sufrido x a√±os en silencio como una puta que est√°s sonriendo y ves madurez	1	1	1
21323	Perra que triste callate	1	1	1
24267	En el hormiguero est√°n ense√±ando filtros de Snapchat como si fueran una novedad. Qu√© puta pena.	0	0	0
22419	# AggressionManterosBcnPdV Estoy a favor de ayudar a las personas sin papeles, pero est√°n aprovechando nuestra solidaridad. Lo que faltaba ver, agredir a turistas y polic√≠as. La √∫nica forma en que nos obligan a hacer es un mantero sin papeles, un mantero para su pa√≠s.	1	0	0
22026	Hamman Al Aldalus | Ba√±os √°rabes de relajaci√≥n https://t.co/MHeGHYA6Df	0	0	0
22985	Mireya que merec√≠as quedarte tbh, no merec√≠as la nominaci√≥n que hiciste, maldita madre # OTGala7	0	0	0
23292	Por debajo de lo normal, calla, tu escoria es tu padre que est√° jodidamente maldito, y fuiste tu jodida basura, eso es lo que eres.	1	1	1
23344	mi pap√° pens√≥ que Luli se estaba rindiendo hoy y me pregunt√≥ c√≥mo me fue, joder, mam√° pap√° se call√≥ mejor	0	0	0
24318	EnTwitter: muere, maldita perra, me destruiste, no mereces la vida, te metes en el peor infierno. Ex: ¬øY eso? Yo: es una canci√≥n jaja	1	1	1
24850	eres una perra infernal	1	1	1
24146	C√°llate, hijo de puta. Mercenario, forro indigno.	0	0	0
21396	Hay dos lugares donde tienes que ir sin prisas: tirar unos papeles y al peluquero.	0	0	0
21553	Salud universal para todos, techo, comida, un poco de pago ... No entiendo nada. ¬øHemos cedido nuestra soberan√≠a a Europa y nadie dice nada? Alarma para los m√°s de 50,000 subsaharianos que esperan en Marruecos para cruzar a Espa√±a https://t.co/sR4925BNLJ	1	0	1
21478	Me ense√±aron todos los modales que ten√≠a y por tener, PERO TENGO A MIOPIA LA Puta QUE TE HIZO. https://t.co/oZP0fYVpPn	0	0	0
22038	¬øQu√© es una mujer embarazada con dos ni√±as y un ni√±o? Un kit de limpieza con instrucciones.	1	0	0
24231	Callate perra	1	1	1
22036	Lo viven peleando tipo: - ¬øTE PODES LLAMAR? - VOS CALLATE SON DE PUTA - VOS LOCA ENFERMA ME DEJA EN PAZ - * LA PLACA PARA FOLLARLO * - ME CANS√â	0	0	0
23125	Maldita perra, eres la primera en @hoguera por cr√≠menes contra la humanidad maldita perra.	1	1	1
23697	Mi sobrina: Los Yehudim son hermanos porque somos hijos de Hashem. Los √°rabes son nuestros primos, ¬øson los hijos del hermano de Hashem?	0	0	0
22444	Que te metas la polla en el culo.	0	0	0
21086	Ya finalmente con el 98% de consejos gratuitos consejos https://t.co/BduFMrM6GF	1	0	1
24635	+ ¬øSolo sabes c√≥mo subir historias sobre tu perro? - ¬øHay algo m√°s que valga la pena?	0	0	0
21907	Wow whatsapp ahora permite compartir ubicaci√≥n enviar im√°genes a contactos e incluso https://t.co/50mcnyoB7Z sin documentar	1	0	0
21890	Cuando el youxo habla en √°rabe, me lo imagino hablando de lo contrario, pero en plan, la vida est√° volviendo.	0	0	0
21581	Empezar√≠a a bailar √°rabe con los videos que veo.	0	0	0
21921	Hola . Seg√∫n yo, iba a subir fotos cada semana, pero he estado muy ocupada haci√©ndome el tonto. Hoy os traigo a Domino y G√ºero. Se ve√≠an muy mal solo ... https://t.co/Ndn08yVsqS	0	0	0
20964	Usted es la perra rubia que es gilipollas que le dice que se calla, que no lo es y la otra venga, venga, venga https://t.co/VEXrwWos7K	1	1	1
21855	Me encanta que la gente piense que soy √°rabe.	0	0	0
24170	La inmigraci√≥n tambi√©n es un factor determinante de la salud El Real Decreto de 2012 utiliz√≥ justificaciones como el turismo sexual: los inmigrantes no vienen para el turismo sexual, de hecho, los que vienen son los m√°s sanos, m√°s fuertes, j√≥venes, ... https: // t. co / TgPG6FI6pS	1	0	0
23054	He le√≠do el mismo n√∫mero de enciclopedias que mide tu polla	0	0	0
22463	La migraci√≥n dominicana cobra 5 mil pesos a personas indocumentadas para no deportarlos # Am√©rica Latina # Rep√∫blica Dominicana # Deportaci√≥n #Indocumentado https://t.co/0pa5yG7PE4 https://t.co/Do4foMUokE	0	0	0
20841	En nombre del pueblo venezolano, Manuel Bartual, calla la puta boca e imb√©cil.	0	0	0
23588	c√°llate perra	1	1	1
22339	C√°llate puta lesbiana peronista	1	1	1
21214	Eres un nazi, te mereces un hijo de puta m√°s un hijo de puta que te mata. Y as√≠ construiremos un futuro incre√≠ble. Voy con Trump o Putin. Esto no es para m√≠ . https://t.co/UYxHxqpIuL	0	0	0
24759	C√°llate perra ayer estaba sana en mis 5 sentidos jaja	1	1	1
21460	Me molesta que #Jinyoung no tenga una foto de perfil en IG. Es como si no estuviera documentado en las redes sociales. Vea si activa una foto de perfil wacho! # GOT7 # Í∞ì ÏÑ∏Î∏ê #EyesOnYou # GOT7WorldTour	0	0	0
22495	Por tal uranio que todo el jodido sol en la cara autodestruir√© la polla.	0	0	0
24286	Que tiras basura, no eres clase trabajadora o no eres nada, eres escoria con la que terminar y echar de este pa√≠s.	0	0	0
24998	- Callat√© visto que te dejo en puta	0	0	0
21148	En manos de falito_de_jerez #revolver # barbershop #jerez #hollidays #friends #mayates #forefore #haircut revolverjerez en Jerez De La Frontera, Andaluc√≠a, Espa√±a https://t.co/HNlaV56asH	0	0	0
20336	Cuando un hombre mata a una mujer es un hijo de puta, pero cuando una mujer mata a un hombre, ellos lanzan elogios solo por ser una mujer y tener un buen cuerpo.	0	0	0
22510	Los negros y √°rabes aqu√≠ en el Reino Unido, son una desgracia https://t.co/xM35d5JDxp	1	0	1
20983	Elimine el c√°ncer de la manta sub-sahariana en #Barcelona con 3 medidas de oro: 1) detenga a los &quot;sindicatos&quot; de delincuentes que acuden all√≠ como interlocutores, 2) repatriaciones masivas a √Åfrica, 3) cierre y repatriaciones masivas de proveedores chinos.	1	0	1
22305	La puta madre Damian se call√≥ jajajaja	0	0	0
24141	# Policia | Van tras asesinos de &quot;El G√ºero&quot; https://t.co/OQgvqG1gaH	0	0	0
24154	Puta Sevilla no se merece a alguien como √©l, mira la plantilla que tienes y d√≥nde est√°s, no s√© qu√© piensas.	0	0	0
21183	Na ma porque eres una perra sin coraz√≥n	1	1	1
20561	Y mis primos huskys saben que aqu√≠ la perra de la familia soy yo y que con un mensaje arruino la vida perfecta que parecen, parte por la que me gustan a ambos.	0	0	0
20335	l #InformateEnHolaChile RESPONSABLE DE LA ENTRADA EN EL PA√çS DE MUCHOS INMIGRANTES DEBE CARGARSE DE LOS PROBLEMAS DE SALUD DE LA MISMA, PORQUE ACTUALMENTE HAYA INDICACI√ìN DE LA PAREJA INDEPENDIENTE INDEPENDIENTE.	1	0	0
24047	Solo que faltaba, los campos de refugiados en espa√±a. ¬øQu√© sigue, √©bola? ¬øMalaria? Puto PSOE https://t.co/n2HBvpyKqf	1	0	1
24859	(+) jonghyun ha sido una de las mejores putas que conocer√°s en tu puta vida, no se merec√≠a lo que estaba pasando, y realmente no sabemos ni sabemos toda la mierda por la que tuvo que pasar para llegar al punto de quitarte la vida (+)	0	0	0
22283	Con todo lo que est√° entrando a trav√©s de la cerca de Ceuta y Melilla, recuerdo que NO golpee la puerta ni pregunte, por favor entre. Vienen a invadir y tratan de destruirnos y aniquilar a nuestra sociedad ayudada por los piks progresivos #DimisionInutilMarlaska https://t.co/ywwaPoZ2pw	1	0	1
20725	C√°llate la puta boca o te dar√© un anfitri√≥n.	0	0	0
23197	Fuck Dollar comemela jajajajaj	0	0	0
22987	Agarrarte en tus brazos sin sacar mi polla de tu co√±o y llevarte a los muebles, duro contra la pared, clav√°ndolo sin ... https://t.co/5SgcBJg4Ez	0	0	0
22171	Si no devuelvo el seguimiento, LES VOY TO METER A TRAV√âS DEL DEDO A TRAV√âS DE LA PIEZA DEL AGUJERO DEL ASNO DEL HIJO DE UN PODER QUE SE MUERE, ATENCI√ìN, IGUAL SI.	0	0	0
21991	Estoy en mi pueblo La Castilla profunda. No todos tienen la suerte de una gran ciudad como t√∫, ZORRA	1	1	1
20542	Lugares indocumentados en los Estados Unidos corren el riesgo de ser arrestados https://t.co/4KrT6n6TqI https://t.co/2LbhPisVrB	0	0	0
24502	No todos somos morenistas de ZORRA, si√©ntate, nadie te ama, no pienses por m√≠, tambi√©n si eres "pol√≠tico profesional" no estar√≠as lamiendo huevos, sino que eres una ZORRA y desp√≥tica contra quien pagas para hablar mal PERRA ve a tu pais aqui	1	1	1
20214	Transparencia Venezuela Cuando una persona indocumentada pasa de ser un conductor de autob√∫s y un conductor de autob√∫s de metro a "administrar" la pol√≠tica econ√≥mica del pa√≠s que Hugo Ch√°vez ya hab√≠a destruido, tenemos el resultado de la destrucci√≥n total de Vzla.	1	1	1
21130	Comportamiento ejemplar ... no pague pases de trampa, quede atrapado y se enfr√≠e y amenace, la buena inmigraci√≥n est√° fuera de control, entramos en personas agradables y amables que solo buscan estar encima de usted ... pero no sucede nada. https://t.co/xjoBQnfMxs	1	0	1
21602	HDP √°rabe https://t.co/SiU9oFanD0	1	0	1
22536	Tu eres mi puta barata	1	1	1
23271	estos √°rabes d mierda ahre https://t.co/z2U6x9sAd7	1	0	1
20527	PUUUTAAA (SI ES MI PUTA) PUUUTAAA (PUTA DEL GOBIERNO)	1	1	1
21611	traidor hijo de puta! ... ni siquiera tu propia sangre la respetaste. Te mereces lo que gastas, basura asquerosa. https://t.co/SWla7X1Fxn	0	0	0
21207	Matt Damon critica la campa√±a contra el acoso y la violaci√≥n - La Prensa de Honduras https://t.co/GYtXQtZoj0	0	0	0
24076	Nadie puede ser la madre √Åfrica Sigues el ritmo que ella te va a dar Necesito una sonrisa que puedas amar Hazlo desaparecer, el sufrimiento de mil jainas m√°s - Makeba https://t.co/5VQR67qJ84 #Refugiados	0	0	0
21939	La violaron por salir as√≠. ¬øNo ves que ella est√° vestida como una puta? Es su culpa por provocar a los hombres.	1	1	1
20936	¬°Difundamos el movimiento SEMEN! Un RT de ayuda!	0	0	0
20906	C√°llate que te extra√±o perra	1	1	1
22723	Qu√© pat√©tica y vergonzosa es la historia de Chile, un pa√≠s del tercer mundo sometido a Estados Unidos que puso a Somoza, Trujillo y muchos otros pat√©ticos dictadores sudamericanos https://t.co/HOi439SY8j	1	0	0
24030	Es una buena cosa que no era una ni√±a peque√±a, si soy una ni√±a, ni siquiera quiero imaginar a mi madre jajjajaa	1	1	0
23551	Para ridiculizarte, t√∫. Espero que recibas una buena revisi√≥n de la prisi√≥n, que es lo que mereces. Escoria .	0	0	0
21591	Eres lo peor de la resentida pol√≠tica de CTM, duele que tu padre no haya usado el cond√≥n y dejaste escoria.	0	0	0
20677	Como siempre, las becas ser√°n para inmigrantes. https://t.co/tPPIi60EgN	1	0	1
22292	callate una vez, perra en celo	1	1	1
20074	c√°llate perra Aprende a hablar y blanquear tu hocico. #ExatlonMx	1	1	1
24070	LA CONCHA DE SUS MADRES LOCO AGUANTE FEDE Y LAURITA PROGRAMA DEL ORTO PUTA AUW TE PARIO QUER√çA GANAR LAS L√çNEAS DEL ORTO YO LO Odio, NO LO VUELTO PARA MIRAR A√öN M√ÅS EN MI VIDA, NO PUEDE SER QUE ESTAS GILES PROGRAMEN M√ÅS FIJA QUE NO ES AGUANTE LAURITA FERN√ÅNDEZ LOCO	0	0	0
23789	Este imb√©cil est√° buscando pi√±a, maldita perra.	1	1	1
20608	Amparo un porro Amparo po zi era una mejor persona que usted, usted es un perro malvado. Ponga el chip en caso de que se escape https://t.co/aoxLoYaW95	1	1	1
21456	ese asco me da las putas personas que deambulan y hacen a la cerdita en un d√≠a, espero que si usted es uno de ellos, deje este juego ya: /	0	0	0
22440	NUESTRA HERENCIA CULTURAL RT en espa√±ol ha compartido un video. 40 min ¬∑ Una cultura andina construy√≥ islas artificiales siglos antes que en los Emiratos √Årabes Unidos https://t.co/N5wWPBjveE	0	0	0
21267	c√°llate hijo de tu puta madre	0	0	0
23162	Pieza de nacho de indocumentada negra.	1	1	1
23045	callate perra quieres ser violada perra	1	1	1
24485	CALLATE GUARRA https://t.co/sNQF9mdeyG	1	1	1
23776	La puta de Cricket es a las 3 de la ma√±ana. ¬°C√°llate a la puta madre casi 24 horas que no duermo hdrmp!	0	0	0
20021	El juez cita para declarar al menor que denunci√≥ los abusos de los jugadores de la #Arandina https://t.co/vD92Mxs04Q https://t.co/kbTiYIpwol	0	0	0
24533	Y pensar que la perra desafortunada me muerde cuando trato de ense√±arle trucos o saltar la cuerda. ; _;	0	0	0
21856	¬øY por qu√© Miriam y no Mireya? Ana mereci√≥ la salvaci√≥n porque hizo un jodido acto. # OTDirecto13D	0	0	0
23915	todos esos √°rabes son del barsa xD https://t.co/rpro3PEqRB	0	0	0
20619	C√°llate est√∫pida puta y no te metas en mis zorreos.	1	1	1
23646	Vamos, hijo de puta, te lo mereces, flor.	0	0	0
22459	LA INMIGRACI√ìN LEGAL SI CREA SITUACI√ìN PERO LO ILEGAL SOLAMENTE NOS COSTA A LOS CONTRIBUYENTES ¬øPOR QU√â SE DA A TODO, NO? - Se crea riqueza, no se distribuye https://t.co/sJ7cXm9hwp a trav√©s de	1	0	0
24408	Ahora entiendo los pa√≠ses √°rabes. ES PARA EL CALOR.	0	0	0
24807	No te lo mereces, perra.	1	1	1
21439	C√°llate perra. Todos con cactus en la frente.	1	1	1
22687	come mierda, chupa pollas, imb√©cil cobarde, no das la cara por tu equipo y te fuiste ayer como un t√≠pico bastardo cobarde. Alg√∫n d√≠a te tendr√© cara a cara y te romperemos la cara como te lo mereces, hijo de puta	0	0	0
21345	EST√ÅS BIEN LO QUE NO TE IMPORTA SOBRE NAHH.	1	1	1
20913	Una puta mierda! ! ! ¬°Entonces hablan de democracia y de tonter√≠as! ! ! ¬°Lo montan bien! ! ! ¬°Eso deber√≠a estar prohibido! ! ! Y mientras los espa√±oles jubilados mor√≠an de hambre.	0	0	0
22020	Por supuesto, es que √©l ha hecho un imb√©cil y muchos se han dado a entender, por lo que ahora est√°n con ella para el acoso y la demolici√≥n.	0	0	0
23383	C√°llate, eres una perra	1	1	1
21487	¬°Felicidades por las mujeres, madres de familia, que han sufrido muchos a√±os de hostigamiento silencioso de hombres inmorales! https://t.co/caEwp1LI8I	0	0	0
21704	Jajajajaj calla tu puta sucia	1	1	1
24132	Los operadores de la aplicaci√≥n Pick Me reportan acoso y violaci√≥n de derechos https://t.co/WSI7sj114h https://t.co/KpwNSyO9np	0	0	0
21872	Trimestre . Tienes 13/14 a√±os, ¬øpor qu√© sigues pensando as√≠? DEJA DE PENSAR QUE UNA MUJER ES UNA GUARRA PARA ENSE√ëAR A SU CUERPO. Empieza a hacer cabeza al cielo, porque el mundo te est√° comiendo.	0	0	0
23176	¬°Solo estoy escuchando a este chico que me habla VIDA, PUTA C√ÅLLATE! :)	0	0	0
22965	Esto lo hace para darse en la cara que sale con las sullas ... toda la escoria es √∫til	0	0	0
22933	Miriam se merec√≠a estar entre las tres favoritas que cago en la perra # OTGala9	0	0	0
21492	Perra, espera, lo sientes. Vives para ense√±ar el culo que es lo √∫nico bueno que tienes.	1	1	1
24227	Hija puta C√°llate chisme clic	1	1	1
20790	Tu eres mi perra, no mi perra favorita	1	1	1
22018	La mayor√≠a de la poblaci√≥n de los Estados Unidos es un inmigrante. Si estuvieran unidos por sus derechos, la situaci√≥n podr√≠a ser diferente. https://t.co/Oa0XFPZnw8	0	0	0
22692	perra, tu eres la perra 'atte reb	1	1	1
21545	Y peor a√∫n, pelean entre ellos por estar en dos fandoms, ¬øqu√© pasa, rid√≠culo? D√©jalos, ¬°es su jodida vida por lo que dijeron y lo que quieren hacer! #iHeartAwards #BestBoyBand #BTS	0	0	0
21634	Eres gallego, ¬øverdad? Bueno, eres tuyo ... ¬øverdad que no entro en tu puta comunidad? Pues no te metad en el mio	0	0	0
21588	En el momento en que me niego a ense√±arle c√≥mo usar ig a mi madre, √©l dice: - ¬°Te ense√±√© a usar una puta cuchara! Siempre lo llevabas a los ojos, ¬°ibas a ser tuerto! ! ! Jajajajajajaj	0	0	0
24283	Soy un solo cliente que no dice "gracias" por ir a la frontera de Ceuta con Marruecos, sentarse en una mecedora en la cerca con una escopeta y decir: "Aqu√≠ vienen los podemitas, HOY NO PASES, NEGROS"	1	0	1
23500	putos moros por lo que en	1	0	1
23082	THE NEW ODYSSEY Un viaje por el infierno para dejar atr√°s el fanatismo y la guerra. Historia de refugiados contada brillantemente por Patrick Kingsley, corresponsal de migraci√≥n de The Guardian. #refuges # migration https://t.co/JUglhRZi2d https://t.co/gkL5nQv4ex	0	0	0
23558	√Årabe de Papichamp y Ecko es todo lo que est√° bien.	0	0	0
23319	#DebatePorElFuturo LOS BUHONEROS, que se ha llamado ECONOM√çA INFORMAL, es en su mayor√≠a COLOMBIAN indocumentado y otros pa√≠ses, muchos usan la fachada para vender drogas y cometen actos il√≠citos, estos son ahora EL BACHAQUEROS. El analisis	1	0	1
23421	El mejor grito es tirar la mierda como si no existiera, perra t√∫ y tu familia	1	1	1
23007	l'arabe arab√© https://t.co/G5reP5dNKs	0	0	0
21607	callate perra mala parida perra re culia inconsciente silencio debes ser maldecido	1	1	1
22478	¬°C√°llate brazuca hijo de re mil puta! ! !	0	0	0
21689	Es bueno que vivas muy lejos por eso quiero golpearte en la cara por marik	0	0	0
22986	Ya sea que sea insultante o no, las "malditas sudacas" son las que tienen las ligas de f√∫tbol espa√±olas y europeas en pie https://t.co/EwHDpR0gZV	1	0	0
23923	esas rid√≠culas jotillas de biograf√≠as pedorras de #twitter y fotos que muestran a la perra de puta sucia deben adjuntar: jota, inventado y posa; pellizcos de guangas.	1	0	1
22506	No sab√≠a que, lo que sol√≠a defender una escoria como esa, no justifica ir contra pel√≠culas porno o pel√≠culas para adultos, es como se sabe, es cierto que si ves pornograf√≠a desde una edad temprana puedes obtener una idea	0	0	0
24036	Yo ya como m√≠nimo pido m√©dico para todo. Cansado de tanto imb√©cil que como este, √©l dice que hace mucho tiempo ... Mucho por su privilegio.	0	0	0
20103	Me voy a pintar el guero del pelo para que Alfredo me ame.	0	0	0
24790	Llama a tu hijo de una prostituta	0	0	0
20574	Wey, so√±√© que era genial otra vez. ¬°Qu√© perro tan asqueroso!	1	0	1
21102	Alemania El inmigrante Chulo musulm√°n ya sabe que √©l es el fuerte en un pa√≠s que se ha rendido. Pronto recoger√°n a su madre, a su abuela, a su hija del autob√∫s que pagaron. ¬øPor qu√© no tenemos sangre, ahora? ¬°Despierta, Espa√±a! ¬°Despierta, Europa! #stopislam #stopinvasion #banislam https://t.co/p7jSwuavqi	1	0	1
21137	Vive a la defensiva en un lugar hermoso ... que todos puedan disfrutar, √°rabes e israel√≠es https://t.co/Zpm9dA6Qk7	0	0	0
23987	Con el consentimiento expreso de este se√±or, es un menor, directamente a la c√°rcel, esto es acoso, violaci√≥n y castigo ... https://t.co/eSSA21zY1P	0	0	0
23152	¬°Casi NOMINAN te voy a matar! ! ! NI√ëOS DE PUTA! NO MERECES LA P√âRDIDA DE MI RESPECTOS CABRONES QUE NO HEMOS FALLADO HOY A ALFRED. MIERDA FUCKERS! ! ! # OTGala7	0	0	0
20507	Lleg√≥ la locura m√°s picante del condado, muy enojada, ta re apiolado. El que toma todo el patio y jala al choto toda la mierda, aqu√≠ en el vecindario no queremos refugiados, sub 21 Soy tu soldado	1	0	1
21131	Un polic√≠a nacional est√° infectado con sarna al trasladar inmigrantes desde un barco https://t.co/aiWDaEDrI7	1	0	1
21262	Les arabes https://t.co/C74kOciSi6	0	0	0
21301	Lo mejor que le pas√≥ a Florida fue que hubo una competencia de Sudaca, porque ahora todos obtienen buenas ofertas.	0	0	0
21122	La puta puta te hace sentir tan mal porque no mereces sentirte tan mal. https://t.co/hQrn2h0fIA	0	0	0
22766	Callate bot hijo de puta	0	0	0
21394	Con tantos casos de violaci√≥n y acoso sexual, llegaremos a la conclusi√≥n de que el m√°s sanitario de todos fue Michael Jackson.	0	0	0
21153	Todos se niegan a ense√±arme a manejar a los bastardos y tarde o temprano los atropellar√©.	0	0	0
20091	LO M√ÅS SATURADO ES VER MI POLLA EN TU CULO AGUJERADO	0	0	0
20637	M√°s putos moros https://t.co/7csHuuOvzP	1	0	0
21840	ya no use el puto "nosotros" - C√°llate, maldito maric√≥n, hijo de puta https://t.co/186gAlnjrG	0	0	0
23199	C√°llate hijo de puta. No vas a trabajar. Basura Vemos a los negros criminales que son criminales. Asquerosos kks y basura zurda. El Estado son los que no cobran al abogado perra. Nosotros somos los que pagamos impuestos.	0	0	0
23328	G√ºeros Nunca estar√°s a salvo Ella https://t.co/kRgqphFh9R	0	0	0
24096	El fondo √°rabe ya est√° en https://t.co/hqjffYmu82	0	0	0
24550	√öLTIMO MINUTO: Las autoridades advierten que unos 6.000 subsaharianos se est√°n preparando para otro asalto a la cerca ... ¬°QUE SEAN EL EJ√âRCITO! ! !	1	0	1
23638	En lugar de malgastar dinero en inmigrantes indocumentados, preocuparse mejor por nuestros ancianos https://t.co/GiqiwGSpEP	1	0	0
23939	¬øLa lucha entre mujeres es as√≠? ? ? - C√°llate perra tienes extensiones - C√°llate maldita perra Que tu broceado sea m√°s falso que t√∫	1	1	1
21428	Bueno, t√∫ eres su perra, no yo.	1	1	1
20359	Ni siquiera trabajando perra callar.	1	1	1
21683	Hermosa la clase de danzas √°rabes de los adolescentes y adultos de lunes y jueves a las 19hs. Esperaremos por ti ! ! - en la Escuela de Danzas Soraya - Malvinas Argentinas https://t.co/RJoNcXtgpz	0	0	0
24608	En esta visita a mi querida Puebla, tuve la oportunidad de probar algunas gorditas, chalupas, arroz rojo, chile en nogada, tacos √°rabes, chanclas, y voy a cerrar con un atole de chile.	0	0	0
22043	Quieres caminar en modo √°rabe para que vuele a todos	1	0	1
24210	Mi perro: [rompe todo a su alrededor] Yo: eres un desastre, un desastre terrible Mi perro: [se queda quieto y me mira] Yo: oh, pero eres muy bonita, ¬øqui√©n es el lindo beb√©, ah? ¬øQui√©n es el beb√© lindo? !	0	0	0
22098	Tengo que ense√±arle a mi perro a cerrar la puerta porque ella la abre y no se da cuenta de que TENGO EL AIRE ENCENDIDO	0	0	0
24346	[6/1 21:05] Puta: c√°llate [6/1 21:05] cami: c√°llate ... [6/1 21:09] Puta: como hoy turra eee dsps no se arruga cuando te comes la boca	0	0	0
23294	¬øEscuchaste √°rabe? Quiero comenzar la gira ahora y terminarla en Navidad.	0	0	0
23684	Y el padre termina de ense√±arle a la hija que consiga plata guarra madreee.	0	0	0
23219	FECHA DE F√öTBOL CHILENO 18 #UnionLaCalera 1-1 #Palestino #Benitez 19 'marco para los' √°rabes 'que son novenos con 21 unidades. # Nu√±ez 72 'anot√≥ para #LaCalera que se perdi√≥ el ... https://t.co/2YfXUja9DM	0	0	0
22331	¬°Ya puse un pu√±etazo a callarte!	1	1	1
23496	Estoy a la altura de tomar imb√©ciles diariamente realmente eh.	0	0	0
20112	JAJAJAJAJAJAJJA La multitarea es lo que hoy: Perra en Instagram, emo en Twitter, rid√≠cula en Facebook y divas en WhatsApp, todo al mismo tiempo y sin mezclar historias.	1	0	1
21373	√âl golpea primero en la cara 'dick the dick'	0	0	0
23833	Ya s√© que tengo 15, pero me veo como 10, c√°llate y dame mi jodida bolsa dulce antes de enojarme	0	0	0
20344	Estos gilipollas de HDLGP de Alianza Pa√≠s no funcionan y no dejan trabajar, ¬°son una maldita escoria! ! https://t.co/S8lEiu5ytm	0	0	0
24006	¬øQu√© puta novia? ? ? Eres mi novia ! !	0	0	0
21053	# LoM√°sLeido La inmigraci√≥n ilegal en Melilla ofrece datos preocupantes: 40% m√°s en 2018 https://t.co/pVqDaUf7L7 https://t.co/eZ7EFuLXLW	0	0	0
20642	Si eres imb√©cil, mejor no vayas con ninguna puta.	1	1	1
22366	Alqatie significa "la manada" en √°rabe. Esto es lo que nosotros en La Tribuna de Cartagena hemos llamado "La Manada de Allah". Y es que en Espa√±a, lo que repetimos es un refugio de mucho desprecio dada la pat√©tica justicia que tenemos, hay reba√±os √°rabes. Aqu√≠ est√°n los detalles:	1	0	1
22539	Indocumentados sin salarios, sin horarios, devuelven a los chicos del barrio.	1	0	1
21300	es muy obvio que van a perder a mi hermana, es una puta y tu novia es √©l.	1	1	1
23437	TALK TO ME IMBECIL? NO TE ESCUCHO, VIVO EN EL PARA√çSO SOY UN DIOS NO ME GUSTA TU PERRA SUDA DE LA POLLA I PEGO A GUANTASO Y T√ö D D	1	1	1
21950	Los eternos indocumentados, el hacelotodo, el vendelotodo, el comelotodo, los primeros en sacar el cuchillo, los m√°s tristes tristes del mundo, mis compatriotas, mis hermanos. https://t.co/5W8Q6zNqIT	1	0	0
23595	Para mi cumplea√±os quiero que me acompa√±es a los ba√±os √°rabes, lo que me hace demasiado perezoso para ir solo.	0	0	0
